{
    "CallerReference": "51c2041e-401b-4a53-a63b-b5c65f5fbf97",
    "Aliases": {
        "Quantity": 0
    },
    "DefaultRootObject": "",
    "Origins": {
        "Quantity": 2,
        "Items": [
            {
                "Id": "sekiyapp.s3-website-ap-northeast-1.amazonaws.com",
                "DomainName": "sekiyapp.s3-website-ap-northeast-1.amazonaws.com",
                "OriginPath": "",
                "CustomHeaders": {
                    "Quantity": 0
                },
                "CustomOriginConfig": {
                    "HTTPPort": 80,
                    "HTTPSPort": 443,
                    "OriginProtocolPolicy": "http-only",
                    "OriginSslProtocols": {
                        "Quantity": 4,
                        "Items": [
                            "SSLv3",
                            "TLSv1",
                            "TLSv1.1",
                            "TLSv1.2"
                        ]
                    },
                    "OriginReadTimeout": 30,
                    "OriginKeepaliveTimeout": 5
                },
                "ConnectionAttempts": 3,
                "ConnectionTimeout": 10,
                "OriginShield": {
                    "Enabled": false
                },
                "OriginAccessControlId": ""
            },
            {
                "Id": "awseb--awseb-64m9meg3owqr-2036009858.ap-northeast-1.elb.amazonaws.com",
                "DomainName": "awseb--awseb-64m9meg3owqr-2036009858.ap-northeast-1.elb.amazonaws.com",
                "OriginPath": "",
                "CustomHeaders": {
                    "Quantity": 0
                },
                "CustomOriginConfig": {
                    "HTTPPort": 80,
                    "HTTPSPort": 443,
                    "OriginProtocolPolicy": "http-only",
                    "OriginSslProtocols": {
                        "Quantity": 4,
                        "Items": [
                            "SSLv3",
                            "TLSv1",
                            "TLSv1.1",
                            "TLSv1.2"
                        ]
                    },
                    "OriginReadTimeout": 30,
                    "OriginKeepaliveTimeout": 5
                },
                "ConnectionAttempts": 3,
                "ConnectionTimeout": 10,
                "OriginShield": {
                    "Enabled": false
                },
                "OriginAccessControlId": ""
            }
        ]
    },
    "OriginGroups": {
        "Quantity": 0
    },
    "DefaultCacheBehavior": {
        "TargetOriginId": "sekiyapp.s3-website-ap-northeast-1.amazonaws.com",
        "TrustedSigners": {
            "Enabled": false,
            "Quantity": 0
        },
        "TrustedKeyGroups": {
            "Enabled": false,
            "Quantity": 0
        },
        "ViewerProtocolPolicy": "redirect-to-https",
        "AllowedMethods": {
            "Quantity": 2,
            "Items": [
                "HEAD",
                "GET"
            ],
            "CachedMethods": {
                "Quantity": 2,
                "Items": [
                    "HEAD",
                    "GET"
                ]
            }
        },
        "SmoothStreaming": false,
        "Compress": true,
        "LambdaFunctionAssociations": {
            "Quantity": 0
        },
        "FunctionAssociations": {
            "Quantity": 0
        },
        "FieldLevelEncryptionId": "",
        "CachePolicyId": "658327ea-f89d-4fab-a63d-7e88639e58f6",
        "GrpcConfig": {
            "Enabled": false
        }
    },
    "CacheBehaviors": {
        "Quantity": 1,
        "Items": [
            {
                "PathPattern": "/api/*",
                "TargetOriginId": "awseb--awseb-64m9meg3owqr-2036009858.ap-northeast-1.elb.amazonaws.com",
                "TrustedSigners": {
                    "Enabled": false,
                    "Quantity": 0
                },
                "TrustedKeyGroups": {
                    "Enabled": false,
                    "Quantity": 0
                },
                "ViewerProtocolPolicy": "redirect-to-https",
                "AllowedMethods": {
                    "Quantity": 7,
                    "Items": [
                        "HEAD",
                        "DELETE",
                        "POST",
                        "GET",
                        "OPTIONS",
                        "PUT",
                        "PATCH"
                    ],
                    "CachedMethods": {
                        "Quantity": 2,
                        "Items": [
                            "HEAD",
                            "GET"
                        ]
                    }
                },
                "SmoothStreaming": false,
                "Compress": true,
                "LambdaFunctionAssociations": {
                    "Quantity": 0
                },
                "FunctionAssociations": {
                    "Quantity": 0
                },
                "FieldLevelEncryptionId": "",
                "CachePolicyId": "4135ea2d-6df8-44a3-9df3-4b5a84be39ad",
                "OriginRequestPolicyId": "216adef6-5c7f-47e4-b989-5492eafa07d3",
                "GrpcConfig": {
                    "Enabled": false
                }
            }
        ]
    },
    "CustomErrorResponses": {
        "Quantity": 0
    },
    "Comment": "",
    "Logging": {
        "Enabled": false,
        "IncludeCookies": false,
        "Bucket": "",
        "Prefix": ""
    },
    "PriceClass": "PriceClass_All",
    "Enabled": true,
    "ViewerCertificate": {
        "CloudFrontDefaultCertificate": true,
        "SSLSupportMethod": "vip",
        "MinimumProtocolVersion": "TLSv1",
        "CertificateSource": "cloudfront"
    },
    "Restrictions": {
        "GeoRestriction": {
            "RestrictionType": "none",
            "Quantity": 0
        }
    },
    "WebACLId": "",
    "HttpVersion": "http2",
    "IsIPV6Enabled": true,
    "ContinuousDeploymentPolicyId": "",
    "Staging": false
}
